date,hospital_id,procedure,cash,gross,pct_change
2026-08-16,ccn-050025,allergy-test,57,104,
2026-08-16,ccn-050025,appendectomy,28335,51518,
2026-08-16,ccn-050025,biopsy-needle,3236,5884,
2026-08-16,ccn-050025,blood-cbc,64,117,
2026-08-16,ccn-050025,blood-metabolic,174,316,
2026-08-16,ccn-050025,cardiac-cath,9760,17745,
2026-08-16,ccn-050025,carpal-tunnel,9432,17149,
2026-08-16,ccn-050025,cast-fracture,1075,1955,
2026-08-16,ccn-050025,cataract,37599,68361,
2026-08-16,ccn-050025,cesarean,53389,97070,
2026-08-16,ccn-050025,chemo-infusion,1547,2813,
2026-08-16,ccn-050025,chest-xray,425,773,
2026-08-16,ccn-050025,colonoscopy,4408,8015,
2026-08-16,ccn-050025,ct-abd-pelvis,2798,5087,
2026-08-16,ccn-050025,ct-head,1559,2834,
2026-08-16,ccn-050025,dialysis,1362,2477,
2026-08-16,ccn-050025,echocardiogram,2003,3642,
2026-08-16,ccn-050025,endoscopy,4174,7589,
2026-08-16,ccn-050025,epidural-inj,1609,2926,
2026-08-16,ccn-050025,er-level3,2093,3806,
2026-08-16,ccn-050025,er-level4,4598,8359,
2026-08-16,ccn-050025,er-level5,8104,14734,
2026-08-16,ccn-050025,gallbladder,28559,51926,
2026-08-16,ccn-050025,hearing-test,419,761,
2026-08-16,ccn-050025,hernia-repair,21732,39513,
2026-08-16,ccn-050025,hip-replacement,58623,106587,
2026-08-16,ccn-050025,hysterectomy,64894,117990,
2026-08-16,ccn-050025,iud-insertion,2955,5372,
2026-08-16,ccn-050025,iv-hydration,221,402,
2026-08-16,ccn-050025,iv-infusion,317,577,
2026-08-16,ccn-050025,joint-injection,913,1660,
2026-08-16,ccn-050025,knee-replacement,58623,106587,
2026-08-16,ccn-050025,knee-scope,17055,31010,
2026-08-16,ccn-050025,lithotripsy,13214,24025,
2026-08-16,ccn-050025,mammogram-diag,326,593,
2026-08-16,ccn-050025,mammogram-screen,364,661,
2026-08-16,ccn-050025,mri-brain,1774,3225,
2026-08-16,ccn-050025,mri-knee,2605,4736,
2026-08-16,ccn-050025,mri-spine,2232,4058,
2026-08-16,ccn-050025,physical-therapy,166,301,
2026-08-16,ccn-050025,prostate-biopsy,4412,8021,
2026-08-16,ccn-050025,shoulder-scope,30794,55989,
2026-08-16,ccn-050025,strep-test,51,92,
2026-08-16,ccn-050025,thyroid-us,1120,2036,
2026-08-16,ccn-050025,tonsillectomy,17275,31410,
2026-08-16,ccn-050025,urgent-care,175,318,
2026-08-16,ccn-050025,us-abdomen,1225,2228,
2026-08-16,ccn-050025,us-pregnancy,863,1569,
2026-08-16,ccn-050025,xray-extremity,566,1029,
2026-08-16,ccn-050025,xray-leg,356,648,
2026-08-16,ccn-050026,biopsy-needle,5093,6791,
2026-08-16,ccn-050026,blood-cbc,148,197,
2026-08-16,ccn-050026,blood-metabolic,339,452,
2026-08-16,ccn-050026,cardiac-cath,16573,22097,
2026-08-16,ccn-050026,carpal-tunnel,6837,9116,
2026-08-16,ccn-050026,cast-fracture,666,888,
2026-08-16,ccn-050026,cesarean,77421,103228,
2026-08-16,ccn-050026,chemo-infusion,1971,2628,
2026-08-16,ccn-050026,chest-xray,532,710,
2026-08-16,ccn-050026,colonoscopy,2537,3383,
2026-08-16,ccn-050026,ct-abd-pelvis,4994,6658,
2026-08-16,ccn-050026,ct-head,2786,3714,
2026-08-16,ccn-050026,dialysis,2060,2746,
2026-08-16,ccn-050026,echocardiogram,4514,6019,
2026-08-16,ccn-050026,endoscopy,2668,3558,
2026-08-16,ccn-050026,epidural-inj,2718,3624,
2026-08-16,ccn-050026,er-level3,2188,2917,
2026-08-16,ccn-050026,er-level4,7800,10400,
2026-08-16,ccn-050026,er-level5,11400,15200,
2026-08-16,ccn-050026,flu-shot,15,20,
2026-08-16,ccn-050026,hip-replacement,108334,144446,
2026-08-16,ccn-050026,iud-insertion,1064,1418,
2026-08-16,ccn-050026,iv-hydration,825,1100,
2026-08-16,ccn-050026,iv-infusion,926,1235,
2026-08-16,ccn-050026,joint-injection,1499,1999,
2026-08-16,ccn-050026,knee-replacement,108334,144446,
2026-08-16,ccn-050026,laceration,1517,2023,
2026-08-16,ccn-050026,mammogram-diag,420,560,
2026-08-16,ccn-050026,mammogram-screen,435,580,
2026-08-16,ccn-050026,mri-brain,3036,4048,
2026-08-16,ccn-050026,mri-knee,3247,4329,
2026-08-16,ccn-050026,mri-spine,3112,4149,
2026-08-16,ccn-050026,physical-therapy,164,218,
2026-08-16,ccn-050026,prostate-biopsy,3221,4295,
2026-08-16,ccn-050026,sleep-study,5535,7380,
2026-08-16,ccn-050026,strep-test,132,176,
2026-08-16,ccn-050026,thyroid-us,1016,1354,
2026-08-16,ccn-050026,urgent-care,311,415,
2026-08-16,ccn-050026,us-abdomen,1400,1866,
2026-08-16,ccn-050026,us-pregnancy,1069,1425,
2026-08-16,ccn-050026,xray-extremity,575,767,
2026-08-16,ccn-050026,xray-leg,513,684,
2026-08-16,ccn-050077,appendectomy,13922,55689,
2026-08-16,ccn-050077,biopsy-needle,1462,5847,
2026-08-16,ccn-050077,blood-cbc,28,110,
2026-08-16,ccn-050077,blood-metabolic,98,392,
2026-08-16,ccn-050077,carpal-tunnel,1064,4256,
2026-08-16,ccn-050077,cast-fracture,202,808,
2026-08-16,ccn-050077,cataract,1944,7774,
2026-08-16,ccn-050077,cesarean,11483,45931,
2026-08-16,ccn-050077,chemo-infusion,467,1869,
2026-08-16,ccn-050077,chest-xray,244,975,
2026-08-16,ccn-050077,colonoscopy,749,2998,
2026-08-16,ccn-050077,ct-abd-pelvis,2250,9000,
2026-08-16,ccn-050077,ct-head,864,3458,
2026-08-16,ccn-050077,echocardiogram,392,1567,
2026-08-16,ccn-050077,endoscopy,725,2902,
2026-08-16,ccn-050077,epidural-inj,518,2072,
2026-08-16,ccn-050077,er-level3,604,2415,
2026-08-16,ccn-050077,er-level4,971,3885,
2026-08-16,ccn-050077,er-level5,1969,7874,
2026-08-16,ccn-050077,gallbladder,12439,49755,
2026-08-16,ccn-050077,hearing-test,73,294,
2026-08-16,ccn-050077,hernia-repair,3909,15637,
2026-08-16,ccn-050077,hip-replacement,49604,198415,
2026-08-16,ccn-050077,hysterectomy,14140,56562,
2026-08-16,ccn-050077,iud-insertion,991,3966,
2026-08-16,ccn-050077,iv-hydration,494,1977,
2026-08-16,ccn-050077,iv-infusion,467,1869,
2026-08-16,ccn-050077,joint-injection,956,3823,
2026-08-16,ccn-050077,knee-replacement,49604,198415,
2026-08-16,ccn-050077,knee-scope,2964,11856,
2026-08-16,ccn-050077,laceration,851,3405,
2026-08-16,ccn-050077,lithotripsy,8236,32943,
2026-08-16,ccn-050077,mammogram-diag,168,672,
2026-08-16,ccn-050077,mammogram-screen,181,723,
2026-08-16,ccn-050077,mri-brain,913,3652,
2026-08-16,ccn-050077,mri-knee,1657,6628,
2026-08-16,ccn-050077,mri-spine,753,3013,
2026-08-16,ccn-050077,pap-smear,34,135,
2026-08-16,ccn-050077,physical-therapy,43,173,
2026-08-16,ccn-050077,shoulder-scope,3296,13184,
2026-08-16,ccn-050077,sleep-study,578,2313,
2026-08-16,ccn-050077,strep-test,28,111,
2026-08-16,ccn-050077,thyroid-us,522,2089,
2026-08-16,ccn-050077,tonsillectomy,1855,7420,
2026-08-16,ccn-050077,urgent-care,73,294,
2026-08-16,ccn-050077,us-abdomen,342,1369,
2026-08-16,ccn-050077,us-pregnancy,227,909,
2026-08-16,ccn-050077,xray-extremity,364,1454,
2026-08-16,ccn-050077,xray-leg,227,907,
2026-08-16,ccn-050100,biopsy-needle,5093,6791,
2026-08-16,ccn-050100,blood-cbc,148,197,
2026-08-16,ccn-050100,blood-metabolic,339,452,
2026-08-16,ccn-050100,cardiac-cath,16573,22097,
2026-08-16,ccn-050100,carpal-tunnel,6837,9116,
2026-08-16,ccn-050100,cast-fracture,666,888,
2026-08-16,ccn-050100,cesarean,77421,103228,
2026-08-16,ccn-050100,chemo-infusion,1971,2628,
2026-08-16,ccn-050100,chest-xray,532,710,
2026-08-16,ccn-050100,colonoscopy,2537,3383,
2026-08-16,ccn-050100,ct-abd-pelvis,4994,6658,
2026-08-16,ccn-050100,ct-head,2786,3714,
2026-08-16,ccn-050100,dialysis,2060,2746,
2026-08-16,ccn-050100,echocardiogram,4104,5472,
2026-08-16,ccn-050100,endoscopy,2668,3558,
2026-08-16,ccn-050100,epidural-inj,2718,3624,
2026-08-16,ccn-050100,er-level3,2188,2917,
2026-08-16,ccn-050100,er-level4,3900,5200,
2026-08-16,ccn-050100,er-level5,5700,7600,
2026-08-16,ccn-050100,flu-shot,15,20,
2026-08-16,ccn-050100,hip-replacement,108334,144446,
2026-08-16,ccn-050100,iud-insertion,1064,1418,
2026-08-16,ccn-050100,iv-hydration,825,1100,
2026-08-16,ccn-050100,iv-infusion,926,1235,
2026-08-16,ccn-050100,joint-injection,1499,1999,
2026-08-16,ccn-050100,knee-replacement,108334,144446,
2026-08-16,ccn-050100,laceration,1517,2023,
2026-08-16,ccn-050100,mammogram-diag,420,560,
2026-08-16,ccn-050100,mammogram-screen,435,580,
2026-08-16,ccn-050100,mri-brain,3036,4048,
2026-08-16,ccn-050100,mri-knee,3247,4329,
2026-08-16,ccn-050100,mri-spine,3112,4149,
2026-08-16,ccn-050100,physical-therapy,164,218,
2026-08-16,ccn-050100,prostate-biopsy,3221,4295,
2026-08-16,ccn-050100,sleep-study,5535,7380,
2026-08-16,ccn-050100,strep-test,132,176,
2026-08-16,ccn-050100,thyroid-us,1016,1354,
2026-08-16,ccn-050100,urgent-care,296,395,
2026-08-16,ccn-050100,us-abdomen,1400,1866,
2026-08-16,ccn-050100,us-pregnancy,1069,1425,
2026-08-16,ccn-050100,xray-extremity,575,767,
2026-08-16,ccn-050100,xray-leg,513,684,
2026-08-16,ccn-050128,biopsy-needle,1907,3179,
2026-08-16,ccn-050128,blood-cbc,2,4,
2026-08-16,ccn-050128,blood-metabolic,2,4,
2026-08-16,ccn-050128,cardiac-cath,4235,7058,
2026-08-16,ccn-050128,cesarean,11438,19064,
2026-08-16,ccn-050128,chemo-infusion,538,897,
2026-08-16,ccn-050128,chest-xray,374,624,
2026-08-16,ccn-050128,ct-abd-pelvis,4043,6738,
2026-08-16,ccn-050128,ct-head,1992,3320,
2026-08-16,ccn-050128,dialysis,853,1421,
2026-08-16,ccn-050128,echocardiogram,1768,2946,
2026-08-16,ccn-050128,epidural-inj,782,1304,
2026-08-16,ccn-050128,er-level3,972,1620,
2026-08-16,ccn-050128,er-level4,1504,2507,
2026-08-16,ccn-050128,er-level5,2270,3784,
2026-08-16,ccn-050128,hip-replacement,53143,88572,
2026-08-16,ccn-050128,iv-hydration,208,347,
2026-08-16,ccn-050128,iv-infusion,346,576,
2026-08-16,ccn-050128,joint-injection,470,783,
2026-08-16,ccn-050128,knee-replacement,53143,88572,
2026-08-16,ccn-050128,laceration,335,559,
2026-08-16,ccn-050128,lithotripsy,24250,40417,
2026-08-16,ccn-050128,mammogram-diag,203,338,
2026-08-16,ccn-050128,mammogram-screen,215,358,
2026-08-16,ccn-050128,mri-brain,2096,3493,
2026-08-16,ccn-050128,mri-knee,2096,3493,
2026-08-16,ccn-050128,mri-spine,2096,3493,
2026-08-16,ccn-050128,physical-therapy,80,133,
2026-08-16,ccn-050128,prostate-biopsy,1903,3171,
2026-08-16,ccn-050128,spinal-fusion,110378,183964,
2026-08-16,ccn-050128,strep-test,14,23,
2026-08-16,ccn-050128,thyroid-us,217,362,
2026-08-16,ccn-050128,urgent-care,207,345,
2026-08-16,ccn-050128,us-abdomen,395,658,
2026-08-16,ccn-050128,us-pregnancy,444,740,
2026-08-16,ccn-050128,xray-extremity,771,1285,
2026-08-16,ccn-050128,xray-leg,771,1285,
2026-08-16,ccn-050222,biopsy-needle,5093,6791,
2026-08-16,ccn-050222,blood-cbc,148,197,
2026-08-16,ccn-050222,blood-metabolic,339,452,
2026-08-16,ccn-050222,cardiac-cath,16573,22097,
2026-08-16,ccn-050222,carpal-tunnel,6837,9116,
2026-08-16,ccn-050222,cast-fracture,666,888,
2026-08-16,ccn-050222,cesarean,77421,103228,
2026-08-16,ccn-050222,chemo-infusion,1971,2628,
2026-08-16,ccn-050222,chest-xray,532,710,
2026-08-16,ccn-050222,colonoscopy,2537,3383,
2026-08-16,ccn-050222,ct-abd-pelvis,4994,6658,
2026-08-16,ccn-050222,ct-head,2786,3714,
2026-08-16,ccn-050222,dialysis,2060,2746,
2026-08-16,ccn-050222,echocardiogram,4104,5472,
2026-08-16,ccn-050222,endoscopy,2668,3558,
2026-08-16,ccn-050222,epidural-inj,2718,3624,
2026-08-16,ccn-050222,er-level3,2188,2917,
2026-08-16,ccn-050222,er-level4,3900,5200,
2026-08-16,ccn-050222,er-level5,7125,9500,
2026-08-16,ccn-050222,flu-shot,15,20,
2026-08-16,ccn-050222,hip-replacement,108334,144446,
2026-08-16,ccn-050222,iud-insertion,1064,1418,
2026-08-16,ccn-050222,iv-hydration,825,1100,
2026-08-16,ccn-050222,iv-infusion,926,1235,
2026-08-16,ccn-050222,joint-injection,1499,1999,
2026-08-16,ccn-050222,knee-replacement,108334,144446,
2026-08-16,ccn-050222,laceration,1517,2023,
2026-08-16,ccn-050222,mammogram-diag,420,560,
2026-08-16,ccn-050222,mammogram-screen,435,580,
2026-08-16,ccn-050222,mri-brain,3036,4048,
2026-08-16,ccn-050222,mri-knee,3247,4329,
2026-08-16,ccn-050222,mri-spine,3112,4149,
2026-08-16,ccn-050222,physical-therapy,164,218,
2026-08-16,ccn-050222,prostate-biopsy,3221,4295,
2026-08-16,ccn-050222,sleep-study,5535,7380,
2026-08-16,ccn-050222,strep-test,132,176,
2026-08-16,ccn-050222,thyroid-us,1016,1354,
2026-08-16,ccn-050222,urgent-care,311,415,
2026-08-16,ccn-050222,us-abdomen,1400,1866,
2026-08-16,ccn-050222,us-pregnancy,1069,1425,
2026-08-16,ccn-050222,xray-extremity,575,767,
2026-08-16,ccn-050222,xray-leg,513,684,
2026-08-16,ccn-050234,biopsy-needle,5093,6791,
2026-08-16,ccn-050234,blood-cbc,148,197,
2026-08-16,ccn-050234,blood-metabolic,339,452,
2026-08-16,ccn-050234,cardiac-cath,16573,22097,
2026-08-16,ccn-050234,carpal-tunnel,6837,9116,
2026-08-16,ccn-050234,cast-fracture,666,888,
2026-08-16,ccn-050234,cesarean,77421,103228,
2026-08-16,ccn-050234,chemo-infusion,1971,2628,
2026-08-16,ccn-050234,chest-xray,532,710,
2026-08-16,ccn-050234,colonoscopy,2537,3383,
2026-08-16,ccn-050234,ct-abd-pelvis,4994,6658,
2026-08-16,ccn-050234,ct-head,2786,3714,
2026-08-16,ccn-050234,dialysis,2060,2746,
2026-08-16,ccn-050234,echocardiogram,4514,6019,
2026-08-16,ccn-050234,endoscopy,2668,3558,
2026-08-16,ccn-050234,epidural-inj,2718,3624,
2026-08-16,ccn-050234,er-level3,2188,2917,
2026-08-16,ccn-050234,er-level4,7800,10400,
2026-08-16,ccn-050234,er-level5,5700,7600,
2026-08-16,ccn-050234,flu-shot,15,20,
2026-08-16,ccn-050234,hip-replacement,108334,144446,
2026-08-16,ccn-050234,iud-insertion,1064,1418,
2026-08-16,ccn-050234,iv-hydration,825,1100,
2026-08-16,ccn-050234,iv-infusion,926,1235,
2026-08-16,ccn-050234,joint-injection,1499,1999,
2026-08-16,ccn-050234,knee-replacement,108334,144446,
2026-08-16,ccn-050234,laceration,1517,2023,
2026-08-16,ccn-050234,mammogram-diag,420,560,
2026-08-16,ccn-050234,mammogram-screen,435,580,
2026-08-16,ccn-050234,mri-brain,3036,4048,
2026-08-16,ccn-050234,mri-knee,3247,4329,
2026-08-16,ccn-050234,mri-spine,3112,4149,
2026-08-16,ccn-050234,physical-therapy,164,218,
2026-08-16,ccn-050234,prostate-biopsy,3221,4295,
2026-08-16,ccn-050234,sleep-study,5535,7380,
2026-08-16,ccn-050234,strep-test,132,176,
2026-08-16,ccn-050234,thyroid-us,1016,1354,
2026-08-16,ccn-050234,urgent-care,311,415,
2026-08-16,ccn-050234,us-abdomen,1400,1866,
2026-08-16,ccn-050234,us-pregnancy,1069,1425,
2026-08-16,ccn-050234,xray-extremity,575,767,
2026-08-16,ccn-050234,xray-leg,513,684,
2026-08-16,ccn-050324,appendectomy,13922,55689,
2026-08-16,ccn-050324,biopsy-needle,1462,5847,
2026-08-16,ccn-050324,blood-cbc,28,110,
2026-08-16,ccn-050324,blood-metabolic,98,392,
2026-08-16,ccn-050324,carpal-tunnel,1064,4256,
2026-08-16,ccn-050324,cast-fracture,202,808,
2026-08-16,ccn-050324,cataract,1944,7774,
2026-08-16,ccn-050324,cesarean,13277,53109,
2026-08-16,ccn-050324,chemo-infusion,467,1869,
2026-08-16,ccn-050324,chest-xray,244,975,
2026-08-16,ccn-050324,colonoscopy,749,2998,
2026-08-16,ccn-050324,ct-abd-pelvis,2250,9000,
2026-08-16,ccn-050324,ct-head,864,3458,
2026-08-16,ccn-050324,echocardiogram,392,1567,
2026-08-16,ccn-050324,endoscopy,725,2902,
2026-08-16,ccn-050324,epidural-inj,518,2072,
2026-08-16,ccn-050324,er-level3,604,2415,
2026-08-16,ccn-050324,er-level4,971,3885,
2026-08-16,ccn-050324,er-level5,1969,7874,
2026-08-16,ccn-050324,gallbladder,12439,49755,
2026-08-16,ccn-050324,hearing-test,73,294,
2026-08-16,ccn-050324,hernia-repair,3909,15637,
2026-08-16,ccn-050324,hip-replacement,48421,193686,
2026-08-16,ccn-050324,hysterectomy,14140,56562,
2026-08-16,ccn-050324,iud-insertion,991,3966,
2026-08-16,ccn-050324,iv-hydration,494,1977,
2026-08-16,ccn-050324,iv-infusion,467,1869,
2026-08-16,ccn-050324,joint-injection,956,3823,
2026-08-16,ccn-050324,knee-replacement,48421,193686,
2026-08-16,ccn-050324,knee-scope,2964,11856,
2026-08-16,ccn-050324,laceration,851,3405,
2026-08-16,ccn-050324,lithotripsy,8236,32943,
2026-08-16,ccn-050324,mammogram-diag,168,672,
2026-08-16,ccn-050324,mammogram-screen,181,723,
2026-08-16,ccn-050324,mri-brain,913,3652,
2026-08-16,ccn-050324,mri-knee,945,3781,
2026-08-16,ccn-050324,mri-spine,753,3013,
2026-08-16,ccn-050324,pap-smear,34,135,
2026-08-16,ccn-050324,physical-therapy,43,173,
2026-08-16,ccn-050324,shoulder-scope,3296,13184,
2026-08-16,ccn-050324,sleep-study,578,2313,
2026-08-16,ccn-050324,strep-test,28,111,
2026-08-16,ccn-050324,thyroid-us,522,2089,
2026-08-16,ccn-050324,tonsillectomy,1855,7420,
2026-08-16,ccn-050324,urgent-care,73,294,
2026-08-16,ccn-050324,us-abdomen,342,1369,
2026-08-16,ccn-050324,us-pregnancy,227,909,
2026-08-16,ccn-050324,xray-extremity,242,969,
2026-08-16,ccn-050324,xray-leg,227,907,
2026-08-16,ccn-050424,appendectomy,13922,55689,
2026-08-16,ccn-050424,biopsy-needle,1462,5847,
2026-08-16,ccn-050424,blood-cbc,28,110,
2026-08-16,ccn-050424,blood-metabolic,98,392,
2026-08-16,ccn-050424,carpal-tunnel,1064,4256,
2026-08-16,ccn-050424,cast-fracture,202,808,
2026-08-16,ccn-050424,cataract,1944,7774,
2026-08-16,ccn-050424,chemo-infusion,467,1869,
2026-08-16,ccn-050424,chest-xray,244,975,
2026-08-16,ccn-050424,colonoscopy,749,2998,
2026-08-16,ccn-050424,ct-abd-pelvis,2250,9000,
2026-08-16,ccn-050424,ct-head,864,3458,
2026-08-16,ccn-050424,echocardiogram,392,1567,
2026-08-16,ccn-050424,endoscopy,725,2902,
2026-08-16,ccn-050424,epidural-inj,518,2072,
2026-08-16,ccn-050424,er-level3,604,2415,
2026-08-16,ccn-050424,er-level4,4908,19633,
2026-08-16,ccn-050424,er-level5,5906,23623,
2026-08-16,ccn-050424,gallbladder,12439,49755,
2026-08-16,ccn-050424,hearing-test,73,294,
2026-08-16,ccn-050424,hernia-repair,3909,15637,
2026-08-16,ccn-050424,hip-replacement,36357,145427,
2026-08-16,ccn-050424,hysterectomy,14140,56562,
2026-08-16,ccn-050424,iud-insertion,991,3966,
2026-08-16,ccn-050424,iv-hydration,494,1977,
2026-08-16,ccn-050424,iv-infusion,467,1869,
2026-08-16,ccn-050424,joint-injection,956,3823,
2026-08-16,ccn-050424,knee-replacement,36357,145427,
2026-08-16,ccn-050424,knee-scope,2964,11856,
2026-08-16,ccn-050424,laceration,851,3405,
2026-08-16,ccn-050424,lithotripsy,8236,32943,
2026-08-16,ccn-050424,mammogram-diag,168,672,
2026-08-16,ccn-050424,mammogram-screen,181,723,
2026-08-16,ccn-050424,mri-brain,913,3652,
2026-08-16,ccn-050424,mri-knee,1657,6628,
2026-08-16,ccn-050424,mri-spine,753,3013,
2026-08-16,ccn-050424,pap-smear,34,135,
2026-08-16,ccn-050424,physical-therapy,43,173,
2026-08-16,ccn-050424,shoulder-scope,3296,13184,
2026-08-16,ccn-050424,sleep-study,578,2313,
2026-08-16,ccn-050424,strep-test,28,111,
2026-08-16,ccn-050424,thyroid-us,522,2089,
2026-08-16,ccn-050424,tonsillectomy,1855,7420,
2026-08-16,ccn-050424,urgent-care,73,294,
2026-08-16,ccn-050424,us-abdomen,342,1369,
2026-08-16,ccn-050424,us-pregnancy,227,909,
2026-08-16,ccn-050424,xray-extremity,242,969,
2026-08-16,ccn-050424,xray-leg,227,907,
2026-08-16,ccn-050503,appendectomy,13922,55689,
2026-08-16,ccn-050503,biopsy-needle,1462,5847,
2026-08-16,ccn-050503,blood-cbc,28,110,
2026-08-16,ccn-050503,blood-metabolic,98,392,
2026-08-16,ccn-050503,carpal-tunnel,1064,4256,
2026-08-16,ccn-050503,cast-fracture,202,808,
2026-08-16,ccn-050503,cataract,1944,7774,
2026-08-16,ccn-050503,cesarean,13328,53312,
2026-08-16,ccn-050503,chemo-infusion,467,1869,
2026-08-16,ccn-050503,chest-xray,244,975,
2026-08-16,ccn-050503,colonoscopy,749,2998,
2026-08-16,ccn-050503,ct-abd-pelvis,2250,9000,
2026-08-16,ccn-050503,ct-head,864,3458,
2026-08-16,ccn-050503,echocardiogram,392,1567,
2026-08-16,ccn-050503,endoscopy,725,2902,
2026-08-16,ccn-050503,epidural-inj,518,2072,
2026-08-16,ccn-050503,er-level3,604,2415,
2026-08-16,ccn-050503,er-level4,971,3885,
2026-08-16,ccn-050503,er-level5,1969,7874,
2026-08-16,ccn-050503,gallbladder,12439,49755,
2026-08-16,ccn-050503,hearing-test,73,294,
2026-08-16,ccn-050503,hernia-repair,3332,13330,
2026-08-16,ccn-050503,hip-replacement,43402,173610,
2026-08-16,ccn-050503,hysterectomy,14140,56562,
2026-08-16,ccn-050503,iud-insertion,991,3966,
2026-08-16,ccn-050503,iv-hydration,494,1977,
2026-08-16,ccn-050503,iv-infusion,467,1869,
2026-08-16,ccn-050503,joint-injection,956,3823,
2026-08-16,ccn-050503,knee-replacement,43402,173610,
2026-08-16,ccn-050503,knee-scope,2964,11856,
2026-08-16,ccn-050503,laceration,851,3405,
2026-08-16,ccn-050503,lithotripsy,8236,32943,
2026-08-16,ccn-050503,mammogram-diag,168,672,
2026-08-16,ccn-050503,mammogram-screen,181,723,
2026-08-16,ccn-050503,mri-brain,913,3652,
2026-08-16,ccn-050503,mri-knee,945,3781,
2026-08-16,ccn-050503,mri-spine,753,3013,
2026-08-16,ccn-050503,pap-smear,34,135,
2026-08-16,ccn-050503,physical-therapy,43,173,
2026-08-16,ccn-050503,shoulder-scope,3296,13184,
2026-08-16,ccn-050503,sleep-study,578,2313,
2026-08-16,ccn-050503,strep-test,28,111,
2026-08-16,ccn-050503,thyroid-us,522,2089,
2026-08-16,ccn-050503,tonsillectomy,1855,7420,
2026-08-16,ccn-050503,urgent-care,73,294,
2026-08-16,ccn-050503,us-abdomen,342,1369,
2026-08-16,ccn-050503,us-pregnancy,227,909,
2026-08-16,ccn-050503,xray-extremity,242,969,
2026-08-16,ccn-050503,xray-leg,227,907,
2026-08-16,ccn-050515,allergy-test,566,1089,
2026-08-16,ccn-050515,appendectomy,8008,15400,
2026-08-16,ccn-050515,biopsy-needle,3214,6180,
2026-08-16,ccn-050515,blood-cbc,111,213,
2026-08-16,ccn-050515,blood-metabolic,269,517,
2026-08-16,ccn-050515,cardiac-cath,12927,24860,
2026-08-16,ccn-050515,carpal-tunnel,3609,6940,
2026-08-16,ccn-050515,cast-fracture,499,960,
2026-08-16,ccn-050515,cataract,5044,9700,
2026-08-16,ccn-050515,chemo-infusion,874,1680,
2026-08-16,ccn-050515,chest-xray,385,740,
2026-08-16,ccn-050515,colonoscopy,2080,4000,
2026-08-16,ccn-050515,ct-abd-pelvis,4004,7700,
2026-08-16,ccn-050515,ct-head,2288,4400,
2026-08-16,ccn-050515,dialysis,2340,4500,
2026-08-16,ccn-050515,echocardiogram,2688,5170,
2026-08-16,ccn-050515,endoscopy,1872,3600,
2026-08-16,ccn-050515,epidural-inj,2220,4270,
2026-08-16,ccn-050515,er-level3,1208,2323,
2026-08-16,ccn-050515,er-level4,1953,3756,
2026-08-16,ccn-050515,er-level5,3284,6316,
2026-08-16,ccn-050515,flu-shot,16,30,
2026-08-16,ccn-050515,gallbladder,13208,25400,
2026-08-16,ccn-050515,hernia-repair,7389,14210,
2026-08-16,ccn-050515,hysterectomy,4436,8530,
2026-08-16,ccn-050515,iud-insertion,588,1130,
2026-08-16,ccn-050515,iv-hydration,442,850,
2026-08-16,ccn-050515,iv-infusion,478,920,
2026-08-16,ccn-050515,joint-injection,952,1830,
2026-08-16,ccn-050515,knee-scope,5148,9900,
2026-08-16,ccn-050515,laceration,749,1440,
2026-08-16,ccn-050515,lithotripsy,6510,12520,
2026-08-16,ccn-050515,mammogram-diag,353,679,
2026-08-16,ccn-050515,mammogram-screen,380,731,
2026-08-16,ccn-050515,mri-brain,2600,5000,
2026-08-16,ccn-050515,mri-knee,2392,4600,
2026-08-16,ccn-050515,mri-spine,2496,4800,
2026-08-16,ccn-050515,pap-smear,100,193,
2026-08-16,ccn-050515,physical-therapy,137,264,
2026-08-16,ccn-050515,shoulder-scope,9745,18740,
2026-08-16,ccn-050515,strep-test,111,213,
2026-08-16,ccn-050515,stress-test,270,520,
2026-08-16,ccn-050515,thyroid-us,827,1590,
2026-08-16,ccn-050515,tonsillectomy,1456,2800,
2026-08-16,ccn-050515,us-abdomen,1191,2290,
2026-08-16,ccn-050515,us-pregnancy,728,1400,
2026-08-16,ccn-050515,xray-extremity,432,830,
2026-08-16,ccn-050515,xray-leg,406,780,
2026-08-16,ccn-050855,allergy-test,566,1089,
2026-08-16,ccn-050855,appendectomy,8008,15400,
2026-08-16,ccn-050855,biopsy-needle,3214,6180,
2026-08-16,ccn-050855,blood-cbc,111,213,
2026-08-16,ccn-050855,blood-metabolic,269,517,
2026-08-16,ccn-050855,cardiac-cath,12927,24860,
2026-08-16,ccn-050855,carpal-tunnel,3609,6940,
2026-08-16,ccn-050855,cast-fracture,499,960,
2026-08-16,ccn-050855,cataract,5044,9700,
2026-08-16,ccn-050855,chemo-infusion,874,1680,
2026-08-16,ccn-050855,chest-xray,385,740,
2026-08-16,ccn-050855,colonoscopy,2080,4000,
2026-08-16,ccn-050855,ct-abd-pelvis,4004,7700,
2026-08-16,ccn-050855,ct-head,2288,4400,
2026-08-16,ccn-050855,dialysis,2340,4500,
2026-08-16,ccn-050855,echocardiogram,2688,5170,
2026-08-16,ccn-050855,endoscopy,1872,3600,
2026-08-16,ccn-050855,epidural-inj,2220,4270,
2026-08-16,ccn-050855,er-level3,1208,2323,
2026-08-16,ccn-050855,er-level4,1953,3756,
2026-08-16,ccn-050855,er-level5,3284,6316,
2026-08-16,ccn-050855,flu-shot,16,30,
2026-08-16,ccn-050855,gallbladder,13208,25400,
2026-08-16,ccn-050855,hernia-repair,7389,14210,
2026-08-16,ccn-050855,hysterectomy,4436,8530,
2026-08-16,ccn-050855,iud-insertion,588,1130,
2026-08-16,ccn-050855,iv-hydration,442,850,
2026-08-16,ccn-050855,iv-infusion,478,920,
2026-08-16,ccn-050855,joint-injection,952,1830,
2026-08-16,ccn-050855,knee-scope,5148,9900,
2026-08-16,ccn-050855,laceration,749,1440,
2026-08-16,ccn-050855,lithotripsy,6510,12520,
2026-08-16,ccn-050855,mammogram-diag,353,679,
2026-08-16,ccn-050855,mammogram-screen,380,731,
2026-08-16,ccn-050855,mri-brain,2600,5000,
2026-08-16,ccn-050855,mri-knee,2392,4600,
2026-08-16,ccn-050855,mri-spine,2496,4800,
2026-08-16,ccn-050855,pap-smear,100,193,
2026-08-16,ccn-050855,physical-therapy,137,264,
2026-08-16,ccn-050855,shoulder-scope,9745,18740,
2026-08-16,ccn-050855,strep-test,111,213,
2026-08-16,ccn-050855,stress-test,270,520,
2026-08-16,ccn-050855,thyroid-us,827,1590,
2026-08-16,ccn-050855,tonsillectomy,1456,2800,
2026-08-16,ccn-050855,us-abdomen,1191,2290,
2026-08-16,ccn-050855,us-pregnancy,728,1400,
2026-08-16,ccn-050855,xray-extremity,432,830,
2026-08-16,ccn-050855,xray-leg,406,780,
2026-08-16,ccn-053303,allergy-test,15,20,
2026-08-16,ccn-053303,blood-cbc,158,210,
2026-08-16,ccn-053303,blood-metabolic,364,485,
2026-08-16,ccn-053303,cardiac-cath,18524,24698,
2026-08-16,ccn-053303,cast-fracture,71,95,
2026-08-16,ccn-053303,chemo-infusion,1064,1419,
2026-08-16,ccn-053303,chest-xray,575,767,
2026-08-16,ccn-053303,ct-abd-pelvis,6248,8331,
2026-08-16,ccn-053303,ct-head,2625,3500,
2026-08-16,ccn-053303,echocardiogram,3904,5206,
2026-08-16,ccn-053303,ekg,294,392,
2026-08-16,ccn-053303,endoscopy,527,703,
2026-08-16,ccn-053303,epidural-inj,568,757,
2026-08-16,ccn-053303,er-level3,1500,2000,
2026-08-16,ccn-053303,er-level4,2550,3400,
2026-08-16,ccn-053303,er-level5,4050,5400,
2026-08-16,ccn-053303,flu-shot,98,130,
2026-08-16,ccn-053303,hearing-test,267,356,
2026-08-16,ccn-053303,iud-insertion,504,672,
2026-08-16,ccn-053303,iv-hydration,640,854,
2026-08-16,ccn-053303,iv-infusion,838,1117,
2026-08-16,ccn-053303,joint-injection,1002,1336,
2026-08-16,ccn-053303,laceration,563,751,
2026-08-16,ccn-053303,mri-brain,3465,4620,
2026-08-16,ccn-053303,mri-knee,4478,5970,
2026-08-16,ccn-053303,mri-spine,5064,6752,
2026-08-16,ccn-053303,physical-therapy,158,211,
2026-08-16,ccn-053303,prostate-biopsy,2156,2875,
2026-08-16,ccn-053303,sleep-study,5423,7231,
2026-08-16,ccn-053303,strep-test,166,222,
2026-08-16,ccn-053303,stress-test,1148,1531,
2026-08-16,ccn-053303,thyroid-us,1040,1386,
2026-08-16,ccn-053303,urgent-care,262,350,
2026-08-16,ccn-053303,us-abdomen,1200,1600,
2026-08-16,ccn-053303,xray-extremity,700,933,
2026-08-16,ccn-053303,xray-leg,668,891,
